-- insertion des données

SET DEFINE OFF;

---Cinema(12345, 'nom', 'adresse',5141234567, 'email')
insert into Cinema values (0, 'Banque Scotia Montréal (Cineplex)', '977 rue Ste-Catherine O. (Metcalfe), Montréal', '555-555-0001','cinema001@gmail.com');
insert into Cinema values (1, 'Beaubien', '2396 rue Beaubien Est (d''Iberville), Montréal', '555-555-0002','cinema002@gmail.com');
insert into Cinema values (2, 'Capitol St-Jean (Cineplex)', '286 rue Richelieu, Saint-Jean-sur-Richelieu', '556-555-0003','cinema003@gmail.com');
insert into Cinema values (3, 'Carnaval', '240 boul. St-Jean Baptiste, Châteauguay', '556-555-0004','cinema004@gmail.com');
insert into Cinema values (4, 'Carrefour Angrignon (Cineplex)', '7077 boul. Newman, LaSalle', '557-555-0005','cinema005@gmail.com');
insert into Cinema values (5, 'Cineplex Odeon Carrefour Dorion', '391 boul. Harwood, Vaudreuil-Dorion', '557-555-0006','cinema006@gmail.com');
insert into Cinema values (6, 'Cineplex Odeon Cavendish', '5800 boul. Cavendish (ch. Kildare), Côte-St-Luc', '558-555-0007','cinema007@gmail.com');
insert into Cinema values (7, 'Centre Phi', '407 rue Saint-Pierre, Montreal', '558-555-0008','cinema008@gmail.com');
insert into Cinema values (8, 'Ciné-Club de Laval', 'Salle André-Mathieu, 475 boul. de l’Avenir, Laval', '559-555-0009','cinema009@gmail.com');
insert into Cinema values (9, 'Ciné-Club du Quartier', '15 615 boul. Gouin O. (Salle Pauline-Julien), Sainte-Geneviève', '559-555-0010','cinema010@gmail.com');
insert into Cinema values (10, 'Cinéma 7 Valleyfield', '50 rue Dufferin, Salaberry-de-Valleyfield', '560-555-0011','cinema011@gmail.com');
insert into Cinema values (11, 'Cinéma Beloeil', '450 Rue Serge Pépin, Beloeil', '560-555-0012','cinema012@gmail.com');
insert into Cinema values (12, 'Cinéma Dollar', '6900 boul. Décarie (Decarie Square), Montréal', '561-555-0013','cinema013@gmail.com');
insert into Cinema values (13, 'Cinéma du Parc', '3575 ave du Parc, Montréal', '561-555-0014','cinema014@gmail.com');
insert into Cinema values (14, 'Cinéma Excentris', '3536 boul. Saint-Laurent, Montréal', '562-555-0015','cinema015@gmail.com');
insert into Cinema values (15, 'Cinémathèque québécoise', '335 boul. de Maisonneuve est, Montréal', '562-555-0016','cinema016@gmail.com');
insert into Cinema values (16, 'Cinéma Triomphe (Ciné Entreprise)', '1100 rue Yves Blais, Terrebonne', '563-555-0017','cinema017@gmail.com');
insert into Cinema values (17, 'Ciné-Parc Boucherville (Cineplex)', '1700 rue Eiffel, Boucherville', '563-555-0018','cinema018@gmail.com');
insert into Cinema values (18, 'Ciné-Parc Saint-Eustache fermé', '555 ave. Mathers, Saint-Eustache', '564-555-0019','cinema019@gmail.com');
insert into Cinema values (19, 'Ciné-Parc St-Hilaire fermé', '800 du Ciné-parc (Aut. 20, sortie 115), Mont St-Hilaire', '564-555-0020','cinema020@gmail.com');
insert into Cinema values (20, 'Cineplex Forum (Cineplex)', '2313 Ste-Catherine Ouest, Montréal', '565-555-0021','cinema021@gmail.com');
insert into Cinema values (21, 'Cineplex Kirkland (Cineplex)', '3200 rue Jean Yves (Aut. 40 / Sainte-Marie), Kirkland', '565-555-0022','cinema022@gmail.com');
insert into Cinema values (22, 'Cineplex Odeon Boucherville (Cineplex)', '20 boul. de Mortagne, Boucherville', '566-555-0023','cinema023@gmail.com');
insert into Cinema values (23, 'Cineplex Odeon Brossard Dix30 & VIP (Cineplex)', '9350 Boul. Leduc (Quartier Dix30), Brossard', '566-555-0024','cinema024@gmail.com');
insert into Cinema values (24, 'Cineplex Odeon Carrefour Dorion (Cineplex)', '391 boul. Harwood, Vaudreuil-Dorion', '567-555-0025','cinema025@gmail.com');
insert into Cinema values (25, 'Cineplex Odeon Cavendish (Cineplex)', '5800 boul. Cavendish (ch. Kildare), Côte-St-Luc', '567-555-0026','cinema026@gmail.com');
insert into Cinema values (26, 'Cineplex Odeon Delson (Cineplex)', '47 boul. Georges-Gagné, Delson', '568-555-0027','cinema027@gmail.com');
insert into Cinema values (27, 'Cineplex Odeon Place LaSalle (Cineplex)', '7852 boul. Champlain, LaSalle', '568-555-0028','cinema028@gmail.com');
insert into Cinema values (28, 'Cineplex Odeon Quartier Latin (Cineplex)', '350 rue Émery, Montréal', '569-555-0029','cinema029@gmail.com');
insert into Cinema values (29, 'Cineplex Odeon St-Bruno (Cineplex)', '1495 boul. St-Bruno, Saint-Bruno', '569-555-0030','cinema030@gmail.com');
insert into Cinema values (30, 'CinéStarz Langelier (CinéStarz)', '7305 boul. Langelier (Jean-Talon), Saint-Léonard', '570-555-0031','cinema031@gmail.com');
insert into Cinema values (31, 'Cineplex Kirkland', '3200 rue Jean Yves (Aut. 40 / Sainte-Marie), Kirkland', '570-555-0032','cinema032@gmail.com');
insert into Cinema values (32, 'Colossus Laval (Cineplex)', '2800 ave. du Cosmodome (Aut. 15 & St-Martin), Laval', '571-555-0033','cinema033@gmail.com');
insert into Cinema values (33, 'Côte-des-Neiges (CinéStarz)', '6700 ch. Côte-des-Neiges, Montréal', '571-555-0034','cinema034@gmail.com');
insert into Cinema values (34, 'Des Sources 10 & IMAX (Guzzo)', '3237 boul. des Sources (Galeries des Sources), Dollard-des-Ormeaux', '572-555-0035','cinema035@gmail.com');
insert into Cinema values (35, 'IMAX TELUS - Vieux Port', 'Quai King-Edward, Vieux Port de Montréal, Montréal', '572-555-0036','cinema036@gmail.com');
insert into Cinema values (36, 'Méga-Plex Deux-Montagnes 14 & IMAX (Guzzo)', '2701 boul. des Promenades, Deux-Montagnes', '573-555-0037','cinema037@gmail.com');
insert into Cinema values (37, 'Méga-Plex Jacques-Cartier 14 (Guzzo)', '1401 Chemin Chambly, Longueuil', '573-555-0038','cinema038@gmail.com');
insert into Cinema values (38, 'Méga-Plex Lacordaire 16 (Guzzo)', '5940 boul. des Grandes Prairies (Lacordaire), Saint-Léonard', '574-555-0039','cinema039@gmail.com');
insert into Cinema values (39, 'Méga-Plex Marché Central 18 & IMAX (Guzzo)', '901 boul. Crémazie Ouest, Montréal', '574-555-0040','cinema040@gmail.com');
insert into Cinema values (40, 'Méga-Plex Pont-Viau 16 & IMAX (Guzzo)', '1055 boul. des Laurentides, Laval', '575-555-0041','cinema041@gmail.com');
insert into Cinema values (41, 'Méga-Plex Sphèretech 14 (Guzzo)', '3500 boul. Côte-Vertu, Saint-Laurent', '575-555-0042','cinema042@gmail.com');
insert into Cinema values (42, 'Méga-Plex Taschereau 18 & IMAX (Guzzo)', 'Place Greenfield Park, 3514 boul. Taschereau, Greenfield Park', '576-555-0043','cinema043@gmail.com');
insert into Cinema values (43, 'Méga-Plex Terrebonne 14 & IMAX (Guzzo)', '1071 ch. du Côteau, Terrebonne', '576-555-0044','cinema044@gmail.com');
insert into Cinema values (44, 'Cineplex Odeon Quartier Latin', '350 rue Émery, Montréal', '577-555-0045','cinema045@gmail.com');
insert into Cinema values (45, 'RGFM Joliette (RGFM)', '220 Beaudry Nord (Carrefour Joliette), Joliette', '577-555-0046','cinema046@gmail.com');
insert into Cinema values (46, 'Sainte-Thérèse 8 (Guzzo)', '300 rue Sicard, Sainte-Thérèse', '578-555-0047','cinema047@gmail.com');
insert into Cinema values (47, 'Saint-Hyacinthe', '1225 rue Gauvin (Galeries Saint-Hyacinthe), Saint-Hyacinthe', '578-555-0048','cinema048@gmail.com');
insert into Cinema values (48, 'Saint-Jérôme', '900 boul. Grignon (Carrefour du Nord), Saint-Jérôme', '579-555-0049','cinema049@gmail.com');
insert into Cinema values (49, 'StarCité Montréal (Cineplex)', '4825 ave. Pierre de Coubertin, Montréal', '579-555-0050','cinema050@gmail.com');
insert into Cinema values (50, 'Station Vu', '8075 rue Hochelaga (Productions Jeun’Est), Montréal', '580-555-0051','cinema051@gmail.com');
insert into Cinema values (51, 'St-Eustache', '305 Avenue Mathers, Saint-Eustache', '580-555-0052','cinema052@gmail.com');
insert into Cinema values (52, 'Théâtre Outremont', '1248 ave. Bernard, Outremont', '581-555-0053','cinema053@gmail.com');

-- individus de base
insert into Personne values(10000001, 'Sylvain', 'Trottier', 'homme', to_date('16/03/94', 'DD/MM/YY'), null);
insert into Personne values(10000002, 'Alex', 'Tremblay', 'homme', to_date('16/03/94', 'DD/MM/YY'), null);
insert into Personne values(10000003, 'Emilios', 'Tostitos', 'homme', to_date('12/06/92', 'DD/MM/YY'), null);
insert into Personne values(10000004, 'Maxime', 'Karoui', 'inconnu', to_date('13/12/90', 'DD/MM/YY'), null);
insert into Personne values(10000005, 'Simon', 'Corleone', 'homme', to_date('06/04/84', 'DD/MM/YY'), null);
insert into Personne values(10000006, 'Claire', 'Underwolfe', 'femme', to_date('24/07/66', 'DD/MM/YY'), null);
insert into Personne values(10000007, 'François', 'Smith', 'cache', to_date('12/11/01', 'DD/MM/YY'), null);
insert into Personne values(10000008, 'Bob', 'Poitras', 'inconnu', to_date('28/09/85', 'DD/MM/YY'), null);
insert into Personne values(10000009, 'Annabelle', 'Poirier', 'femme', to_date('03/06/89', 'DD/MM/YY'), null);
insert into Personne values(10000010, 'Isabelle', 'St-Louis', 'femme', to_date('12/12/11', 'DD/MM/YY'), null);
insert into Personne values(10000011, 'Madeleine', 'Antaki', 'femme', to_date('22/04/85', 'DD/MM/YY'), null);
insert into Personne values(10000012, 'Jacques', 'Charest', 'homme', to_date('12/08/93', 'DD/MM/YY'), null);
insert into Personne values(10000013, 'David', 'Khadir', 'homme', to_date('08/07/85', 'DD/MM/YY'), null);
insert into Personne values(10000014, 'Goliath', 'Couillard', 'homme', to_date('06/04/73', 'DD/MM/YY'), null);
insert into Personne values(10000015, 'Ginette', 'Panaioti', 'femme', to_date('06/03/58', 'DD/MM/YY'), null);
insert into Personne values(10000016, 'Hugo', 'Panaioti', 'homme', to_date('06/03/48', 'DD/MM/YY'), to_date('06/03/11', 'DD/MM/YY'));

insert into Personne values(10000017, 'Camille', 'Suivant', 'homme', to_date('13/05/87', 'DD/MM/YY'), null);
insert into Personne values(10000018, 'Marsh', 'Morin', 'homme', to_date('05/09/89', 'DD/MM/YY'), null);
insert into Personne values(10000019, 'Steve', 'Bolduc', 'homme', to_date('21/11/76', 'DD/MM/YY'), null);
insert into Personne values(10000020, 'Olivier', 'Kenta', 'homme', to_date('26/04/67', 'DD/MM/YY'), null);
insert into Personne values(10000021, 'Roman', 'Gendron', 'homme', to_date('03/03/68', 'DD/MM/YY'), null);

insert into Personne values(10000022, 'Cédric', 'Lépine', 'homme', to_date('06/11/69', 'DD/MM/YY'), null);
insert into Personne values(10000023, 'Léa', 'Saulnier', 'femme', to_date('06/03/56', 'DD/MM/YY'), null);
insert into Personne values(10000024, 'Félix', 'Nantelois', 'homme', to_date('09/05/83', 'DD/MM/YY'), null);
insert into Personne values(10000025, 'François', 'Boillat', 'homme', to_date('24/11/78', 'DD/MM/YY'), null);
insert into Personne values(10000026, 'Alec', 'Martinez', 'homme', to_date('07/07/90', 'DD/MM/YY'), null);

insert into Personne values(20000001, 'Alain', 'Tremblay', 'homme', to_date('07/07/90', 'DD/MM/YY'), null);
insert into Personne values(20000002, 'Hugh', 'Jackman', 'homme', to_date('12/10/68', 'DD/MM/YY'), null);
insert into Personne values(20000003, 'Andrew', 'Garfield', 'homme', to_date('20/08/83', 'DD/MM/YY'), null);
insert into Personne values(20000004, 'Scarlett', 'Johansson', 'femme', to_date('22/11/84', 'DD/MM/YY'), null);
insert into Personne values(20000005, 'Bradley', 'Cooper', 'homme', to_date('05/01/75', 'DD/MM/YY'), null);
insert into Personne values(20000006, 'George', 'Clooney', 'homme', to_date('06/05/61', 'DD/MM/YY'), null);
insert into Personne values(20000007, 'Bérénice', 'Bejo', 'femme', to_date('07/07/79', 'DD/MM/YY'), null);
insert into Personne values(20000008, 'Lupita', 'Nyong''o', 'femme', to_date('08/01/83', 'DD/MM/YY'), null);
insert into Personne values(20000009, 'Audrey', 'Fleurot', 'femme', to_date('01/01/77', 'DD/MM/YY'), null);
insert into Personne values(20000010, 'Emmanuelle', 'Chriqui', 'femme', to_date('10/12/77', 'DD/MM/YY'), null);

insert into Personne values(20000011, 'Thomas', 'McCarthy', 'homme', to_date('30/01/66', 'DD/MM/YY'), null);
insert into Personne values(20000012, 'Steven', 'Spielberg', 'homme', to_date('18/12/46', 'DD/MM/YY'), null);
insert into Personne values(20000013, 'Tim', 'Burton', 'homme', to_date('25/08/58', 'DD/MM/YY'), null);
insert into Personne values(20000014, 'Gary', 'Oldman', 'homme', to_date('17/11/44', 'DD/MM/YY'), null);
insert into Personne values(20000015, 'Ridley', 'Scott', 'homme', to_date('30/11/37', 'DD/MM/YY'), null);
insert into Personne values(20000016, 'Sam', 'Raimi', 'homme', to_date('01/12/81', 'DD/MM/YY'), null);
insert into Personne values(20000017, 'Angelina', 'Jolie', 'femme', to_date('04/06/75', 'DD/MM/YY'), null);
insert into Personne values(20000018, 'Jane', 'Campion', 'femme', to_date('30/04/54', 'DD/MM/YY'), null);
insert into Personne values(20000019, 'Sam', 'Taylor-Johnson', 'femme', to_date('04/03/67', 'DD/MM/YY'), null);
insert into Personne values(20000020, 'Sophie', 'Marceau', 'femme', to_date('17/11/66', 'DD/MM/YY'), null);

insert into Journaliste values(10000016);
insert into Journaliste values(10000017);
insert into Journaliste values(10000018);
insert into Journaliste values(10000019);
insert into Journaliste values(10000020);
insert into Journaliste values(10000021);
insert into Journaliste values(10000022);
insert into Journaliste values(10000023);
insert into Journaliste values(10000024);
insert into Journaliste values(10000025);
insert into Journaliste values(10000026);

insert into Professionnel values(20000001, 'Ce fut un grand homme...');
insert into Professionnel values(20000002, 'Hugh Michael Jackman est un acteur australien né le 12 octobre 1968 à Sydney. Il est célèbre pour son rôle de Wolverine dans la sage X-Men ainsi que pour ses rôles dans les films Le Prestige, Van Helsing, Australia et Les Misérables. Né en 1968 à Sidney, Hugh Michael Jackman est diplômé de Journalisme de l’University of Technology de Sydney. C’est en prenant part au cours de comédie de son université pour préparer son diplôme qu’il prend goût à la scène et au métier d’acteur. Il poursuit alors ses études à la Western Australian Academy of Performing Arts et en sort diplômé en 1994. 1995 lui permet de faire ses débuts sur le petit écran en participant à la série télé Corelli. Ce n’est que quatre ans plus tard, avec la comédie Paperback Hero, qu’il fait ses premiers pas sur grand écran.');
insert into Professionnel values(20000003, 'Andrew Garfield est un acteur britanico-américain, célèbre pour son rôle de Peter Parker, alias Spider-man, dans "la version Marc Webb" de la franchise. Né aux États-Unis à Los-Angeles le 20 août 1983, Andrew Garfield est élevé en Angleterre où il intègre le Central School of Speech and Drama dont il ressort diplômé en 2004. Il fait ses débuts sur les planches de théâtre, jouant dans Kes pour lequel il reçoit un prix en 2004. En 2007, on peut l’apercevoir dans Lions et agneaux mais c’est surtout sa prestation dans Boy A de John Crowley qui ne laisse personne indifférent. D’abord un téléfilm, Boy A se retrouve sur grand écran. Fort de cette expérience, on offre à Andrew Garfield des rôles divers et variés : il joue dans L’imaginarium du Dr Parnassus de Terry Gilliam en 2009 et est choisi pour intégrer le casting du dernier David Fincher, The social network. Il donne alors la réplique à Jesse Eisenberg, Roney Mara et Justin Timberlake.');
insert into Professionnel values(20000004, 'Née à New York le 22 novembre 1984, Scarlett Ingrid Johansson est une actrice américaine d''ascendance danoise et polonaise célèbre pour ses rôles dans les films L''Homme qui murmurait à loreille des chevaux, Lost in translation, Match Point, Le prestige, Vicky, Cristina, Barcelona, Scoop, Deux soeurs pour un roi, Don Jon et pour son rôle de Black Widow (la veuve noire) dans les films Marvel tels que les franchises Iron Man, The Avengers ou encore Captain America.  Scarlett Johansson grandit dans une famille modeste, avec ses frères Adrian, Hunter son jumeau, Christian son demi-frère né du second mariage de son père, et sa sœur Vanessa. Son père, Karsten Johanson, est un architecte danois et sa mère Melanie Sloan, une productrice issue d''une famille judéo-polonaise du Bronx. Entre une mère cinéphile et un grand-père paternel, Ejner Johansson, scénariste et réalisateur, Scarlett Johansson fait ses débu s sur scène, à huit ans à peine, aux côtés de Gary Bitbol dans Sophistry. A dix ans, elle réussit à décrocher son premier rôle dans le film l''Irrésistible North de Rob Reiner (1994). Après avoir enchaîné plusieurs autres apparitions au cinéma, elle se fait enfin remarquer dans le mélodrame de Robert Redford : L''homme qui murmurait à loreille des chevaux, sorti en 1998. Interprétant la fille adolescente de Kristin Scott Thomas traumatisée par un accident de cheval, elle est récompensée d’un Young Star Awards par le magazine The Hollywood Reporter.');
insert into Professionnel values(20000005, 'Bradley Cooper est un acteur américain né le 5 janvier 1975 à Philadelphie, en Pennsylvanie. Il est célèbre pour son rôle dans la saga Very Bad Trip mais aussi pour ses rôles dans les films LAgence Tous Risques, Hapiness Therapy, American Bluff et American Sniper. Né de l''union de Charlie et Gloria Cooper, Bradley Cooper a des origines italiennes et irlandaises. Il sort diplômé en Littérature Anglaise de la Georgetown University en 1997. Après un séjour en France, il s''inscrit au sein de l''Actors Studio de la New School University. Il fait ses débuts à la télévision dans le série populaire Sex and the City. Ce n''est quen 2001, quil tourne dans son premier long-métrage : Wet Hot American Summer. Il retourne ensuite sur le petit écran pour incarner le meilleur ami de Sydney dans la série Alias.');
insert into Professionnel values(20000006, 'Acteur, producteur, scénariste et réalisateur, George Timothy Clooney est né le 6 mai 1961 à Lexington, au Kentucky. Star planétaire révélée par la série Urgences, il est un collaborateur privilégié de Steven Soderbergh (la trilogie Ocean, Hors d''ateinte, Solaris, The good german) et des frères Coen (O''Brother, Intolérable cruauté, Burn After Reading) mais est aussi célèbre pour ses rôles dans les films Les rois du désert, The Descendants et Gravity. Côté réalisation, on lui doit les films Confession d''un homme dangereux, Good night and good luck, Jeux de dupes, Les marches du pouvoir et The Monuments Men. La classe, l''allure, l''élégance, le charme, l''humour, le goût, l''intelligence et un certain bon sens moral et politique, voilà ce qui pourrait définir l''un des plus grands sex symbols d''Hollywood depuis le milieu des années 90 : George Clooney. Depuis la série Urgences où il fût révélé au grand public, il est devenu une star, du gros calibre, de ceux qu''on écoute, qu''on regarde et qu''on respecte, avec qui on est ami. Lui par contre n''en fait qu''à sa tête. Et s''il a bien commis quelques erreurs de parcours en sortant de ses barreaux cathodiques, depuis il fait ce que bon lui semble. Il travaille pour les projets qu''il aime ou pour ses amis, les cinéastes dont il se sent proche, quand il ne réalise par lui-même ses films ou alerte par le biais de l''ONU du génocide au Darfour.');
insert into Professionnel values(20000007, 'Bérénice Bejo est une actrice Franco-argentine née le 7 juillet 1976 à Buenos Aires et célèbre pour ses rôles dans les films Meilleur espoir féminin, 24 heures de la vie d''une femme, Oss 117 : Le Caire, nid despions, The Artist et Le Passé. En couple avec le réalisateur Michel Hazanavicius, elle est la fille du cinéaste argentin Miguel Bejo. Dès son plus jeune âge, son père, Miguel Bejo, réalisateur, lui transmet sa passion pour le cinéma. Née à Bueno Aires, elle quitte l''Argentine avec sa famille en 1979 pour fuir la dictature militaire qui sévit depuis 1976 en Argentine et qui durera jusqu''en 1983. Bérénice Bejo arrive donc en France à trois ans et passe son enfance à Rambouillet. En France, son père décide de l''inscrire à des cours de théâtre, et elle débute sa carrière de comédienne à l''âge de 20 ans, en 1996, en apparaissant dans des courts-métrages comme Enceinte ou lesbienne et dans des téléfilms  omme Le juge est une femme, Julie Lescaut, mais surtout dans la série Un et Un font Six, dans laquelle elle interprète Sophie pendant 3 ans aux côtés de Brigitte Fossey et Pierre Arditi.');
insert into Professionnel values(20000008, 'Lupita Nyong''o est une actrice Kényane né en 1983, on la connaît notamment pour le film 12 Years a slave. Lupita Nyong''o est native de Mexico où sa famille s''était installée avec le statut de réfugiés politiques à cause de la situation de son pays d''origine le Kenya. C''est d''ailleurs ce qui a décidé ses parents à lui donner un prénom mexicain. Son père Peter Anyang Nyono est un homme politique, plus précisément l''ancien Ministre de la Santé du Kenya, et sa cousine Isis a été décrite par le magazine Forbes comme l''une des femmes les plus importantes d''Afrique. Après un retour dans son pays d''origine, elle revient à 16 ans à Mexico avant de faire des études aux Etats-Unis. C''est là qu''elle se forme aux métiers du cinéma au Hampshire College. Après avoir décroché son diplôme elle travaille dans un premier temps derrière les caméras, au niveau de la production notamment. On peut citer entre autres The Cons ant Gardener. Par la suite c''est dans le pays de ses parents qu''elle se fait un nom en tant qu''actrice dans la série Shuga, puis en tant que réalisatrice en tournant In my genes, un documentaire sur le traitement des albinos. En 2014, retour aux États-Unis où c''est la consécration avec le drame 12 Years a Slave, acclamé par la critique, qui lui vaut l''Oscar du Meilleure second rôle féminin. Dans la foulée elle décroche un autre prix, dans un tout autre domaine cependant puisque le magazine People l''a désigne comme étant "la plus belle personne du monde". Elle succède ainsi à Gwyneth Paltrow, Julia Roberts et Tom Cruise.');
insert into Professionnel values(20000009, 'Née le 1er janvier 1977 à Paris, Audrey Fleurot est une actrice française célèbre pour ses rôles dans les films Intouchables, Mais qui a re-tué Pamela Rose, La fleur de l''âge, Les reines du ring, Pop Redemption, ainsi que pour ses rôles dans les séries Kaamelott, Engrenages et Un Village Français. Les téléspectateurs français la connaissent surtout pour son interprétation peu conventionnelle de la Dame du Lac dans la série non moins conventionnelle, Kaamelott, diffusée sur M6 de 2004 à 2009. En parallèle, on la retrouve dans un rôle plus grave dans la série Engrenages, diffusée sur Canal+ et qui lui vaut la reconnaissance du public. Forte de cette nouvelle popularité, elle enchaîne alors les apparitions sur le petit écran (PJ, Diane femme flic...) et obtient de nouveaux rôles récurrents dans Equipe médicale d''urgence dès 2006 ou encore Un village français dès 2008. Cette notoriété lui ouvre également les portes du monde du cinéma, et en 2007 elle fait ses premiers pas à l''écran sous la houlette de Michael Cohen pour son film Les Deux mondes. Toutefois, il faut attendre l''année 2011 pour la retrouver dans les salles obscures, son calendrier étant déjà très chargé en raison de ses nombreux rôles à la télévision.');
insert into Professionnel values(20000010, 'Emmanuelle Chriqui est une actrice canadienne née le 10 décembre 1977 à Montréal, au Québec. Elle est célèbre principalement pour ses rôles à la télévision, dans les séries Entourage, NewportBeach, TheBorgias et Mentalist. Issue dune famille séfarade dorigine marocaine, Emmanuelle Chriqui commence sa carrière dactrice au milieu des années 90, alors à peine âgée de 18 ans. Elle apparaît alors dans des séries canadiennes comme Are you afraid of the dark ?, Forever Knight, Once a Thief ou encore Psi Factor. En 1995, elle décroche un rôle dans le téléfilm Harrison Bergerson puis enchaîne de nombreuses apparitions à la télévision. Il lui faut néanmoins attendre le début des années 2000 pour décrocher des rôles au cinéma. En effet, ce n''est qu''en 1999 qu''elle obtient un rôle pour le grand écran, dans le film Detroit Rock City d''Adam Rifkin, un premier rôle qui lui permet d''en décrocher d''autres, dans les film Jour Blanc (2000) et 100 Girls (2000). En 2003, elle est également à l''affiche de Détour Mortel.');

insert into Acteur values(20000001);
insert into Acteur values(20000002);
insert into Acteur values(20000003);
insert into Acteur values(20000004);
insert into Acteur values(20000005);
insert into Acteur values(20000006);
insert into Acteur values(20000007);
insert into Acteur values(20000008);
insert into Acteur values(20000009);
insert into Acteur values(20000010);

insert into Professionnel values(20000011, 'Thomas McCarthy a fait ses études au Boston College, où il a cofondé la troupe d’improvisation My Mother’s Fleabag. Il rejoint ensuite la section théâtre de la Yale University, où il fait ses premières armes dans Le Roi Lear, Le conte d’hiver, Périclès et Macbeth. Il fait ses débuts au cinéma avec un petit rôle dans le drame Crossing the Bridge en 1992. Par la suite, il multiple les apparitions à la télévision dans des séries comme Spin City et Ally McBeal. Il a tourné également avec Ben Stiller et Robert De Niro dans Mon beau-père et moi, à la suite duquel il obtient le rôle de Kevin Riley, le séduisant coach de football de la série à succès Boston Public. Son personnage le rend célèbre auprès des téléspectateurs et il se fait enfin remarquer par les cinéastes. Il s’illustre dans Syriana, Mémoires de nos pères de Clint Eastwood, Good Night, and good luck de George Clooney et Year of the Dog de Mike White.');
insert into Professionnel values(20000012, 'Steven Spielberg est un réalisateur, scénariste et producteur américain né le 18 décembre 1946 à Cincinnati dans l''Ohio. Connu pour ses films Les dents de la mer, E.T., La Liste de Schindler, Il faut sauver le soldat Ryan ainsi que pour ses sagas Indiana Jones et Jurassic Park, il est certainement le réalisateur le plus célèbre de la planète, enchaînant succès après succès. Le nom de Spielberg dans un générique est devenu synonyme de succès assuré au box-office. Enfant, Steven Spielberg n’est pas un très bon élève. Et une fois ses diplômes, difficilement obtenus, en poche, il n’arrive pas à entrer dans les écoles de cinéma qui lui plaisent vraiment. Après avoir été accepté dans une école d’art dramatique à Phoenix, Steven décide de réaliser seul ses premiers films. Autodidacte, à douze ans, il réalise quelques courts-métrages, passe vite aux moyens-métrages mais c’est avec un court-métrage de quatre minutes que le jeune cinéaste en herbe remporte de nombreux prix, se fait connaître de la profession et décroche un contrat de sept ans avec les studios de télévision Universal. Spielberg réalise plusieurs épisodes de séries telles que Night Gallery et Columbo et très vite, se fait remarquer pour ses compétences techniques. En 1971, ses talents de mise en scène sont révélés par la réalisation du téléfilm Duel, course-poursuite haletante où un camion (dont le chauffeur reste invisible) pourchasse sans relâche un employé de commerce. Le succès est au rendez-vous : le téléfilm remporte le grand prix du Festival d’Avoriaz et sera diffusé en version longue au cinéma. Le mythe Spielberg commence.');
insert into Professionnel values(20000013, 'Tim Burton est un réalisateur américain célèbre pour les films tels que Beetlejuice, Batman, Edward aux mains d''argent, Ed Wood, Mars Attacks, Sleepy Hollow, Big Fish ou encore Charlie et la Chocolaterie. Il est également connu pour mettre en scène son alter égo Johnny Depp ainsi que sa compagne Helena Bonham Carter avec qui il est resté jusqu''en 2014. Féériques et lugubres, teintés d''innocence et de lucidité, les films de Tim Burton sont marqués par une ambivalence qui n''appartient qu''à lui. Toujours à la lisière, son cinéma est un gigantesque souvenir, un prisme du passé et de l''ensemble des choses ou des oeuvres qui ont constitué son auteur. Faux ou vrai postmoderniste peu importe, Burton est une mémoire non factuel mais sensible. Il est une anti encyclopédie par excellence, un sentimental ayant bâti son imaginaire sur les films de monstres d''Universal ou de la Hammer. Enfant, ses amis s''appelaient Dracula, Frankenstein ou Godzilla ; ses acteurs préférés se nommaient Lon Chaney ou Vincent Price, à qui plus tard il dédiera un beau et émouvant film hommage. A toutes ces créatures de série B, il leur trouve alors une âme, du coeur, un regard bien plus humain que les humains eux-mêmes. Pour lui, ils sont incompris, des héros solitaires dans un monde inadapté. Burton, le kids de Burbank, banlieue d''Hollywood aseptisée dont plus tard Edward aux mains d''argent donnera une image, n''a jamais complètement délaissé cet ancrage, ce rapport à une enfance et un univers ayant posé les bases psycho esthétiques de son oeuvre, sinon au monde. Chez lui, la fiction et l''imaginaire le plus débridé peuvent être plus réels que la réalité, quand celle-ci est plus fantastique que l''illusion. Les monstres ne sont pas toujours ceux que l''on croit, et le mal plus souvent caché derrière une apparence des plus innocentes. Ainsi le conte, avec ses symboliques parfois cruelles, son éternel horizon onirique aux images mouvantes, demeure encore et toujours le motif favori de Burton. ');
insert into Professionnel values(20000014, 'Description vide');
insert into Professionnel values(20000015, 'Ridley Scott est un réalisateur, producteur et scénariste britannique. Spécialisé dans les films de SF puis dans les drames, il est connu pour nombre de ses films : Alien - le huitième passager, Blade Runner, Thelma et Louse, 1492 Christophe Colomb, Gladiator... Ridley Scott suit des études au West Hartlepool College of Art. Diplômé en 1958, il intègre rapidement la British Broadcasting Company après avoir passé deux ans au sein du Royal College of Art de Londres. Réalisateur de la série Z Cars, il est aussi chef décorateur sur les séries Out of the Unknown et R3. En 1965, il réalise son premier court-métrage, Boy and Bicycle, pour lequel il dirige son jeune frère, le cinéaste Tony Scott.');
insert into Professionnel values(20000016, 'Sam Raimi est un réalisateur, acteur, producteur américain. Il fonde la Society for Creative Filmmaking de l''université du Michigan et réalise des films. À leur sortie de l''université, Sam Raimi et Robert G Tapert fondent Renaissance Pictures. Il réalise quelques courts métrages. Puis il s’essaye au long métrage avec Evil Dead en 1982. Il tourne Mort sur le Grill deux ans plus tard. Le réalisateur joue dans Drôles d''Espions (1986) de John Landis. Sam Raimi met en scène la suite du film Evil Dead en 1987. Il joue dans la saga Maniac Cop de William Lustig. En 1990, il écrit et réalise Darkman avec Liam Neeson. Il donne la réplique à Gabriel Byrnedans le film Miller''s Crossing (1991) de Joel Coen. Il retrouve John Landis pour Innocent Blood (1993), film dans lequel il joue aux côtés d’Anne Parillaud. Il tourne le troisième volet de la saga Evil Dead en 1994. La même année, il retrouve Joel Coen pour le Grand Saut. Il joue dans la comédie la Famille Pierrafeu de Brian Levant. Il réalise Mort ou vif (1995), Un Plan simple (1999), Pour l''Amour du jeu (2000) et Intuitions (001). En 2002, il réalise Spider-Man, film au succès international. Deux ans plus tard, il tourne la suite. En 2007, le troisième volet de Spider-Man sort en salles. Sam Raimi met un pied dans le monde de la télévision en 2009 en produisant une télé-réalité horrifique pour CW, 13 : Fear is Real, traduit en français par 13 : La Peur aux trousses. Cette émission est diffusée en 2010 sur NRJ12.');
insert into Professionnel values(20000017, 'Angelina Jolie est une actrice américaine née à Los Angles le 4 juin 1975 et célèbre pour avoir incarné Lara Croft dans Tomb Raider, ainsi que pour ses rôles dans les films 60 secondes chrono, Alexandre, Mr and Mrs Smith, L''Echange et Salt. Elle est également la réalisatrice du film Au pays du sang et du miel. Fille des acteurs Jon Voight et Marcheline Bertrand, elle est également la nièce de Chip taylor, la sœur du réalisateur James Heaven et la filleule de Jacqueline Bisset et Maximilian Shell. Elle est mariée avec Brad Pitt. Angelina Jolie grandit avec son frère James et sa mère à New York. Elle va lui transmettre sa passion du cinéma en l''accompagnant souvent voir des films. A 7 ans seulement, elle figure déjà dans un film co-écrit par son père Lookin'' to Get Out. A 11 ans elle a déjà une idée du chemin qu''elle va suivre. Elle prend alors la décision de devenir actrice. Dès qu''elle retourne vivre à Los Angeles avec sa famille, elle s''inscrit au Lee Strasberg Theatre Institute où elle prend des cours pendant deux ans tout en apparaissant dans différentes productions. Angelina Jolie passe des années difficiles au Beverly Hills High School au milieu de ces filles à l''apparence « impeccable ». Elle est la risée de ses camarades de classe à cause de son look bizarre, de son choix d’animaux de compagnie (serpent et lézard) ainsi que de sa maigreur. La jeune Angelina Jolie va voir sa confiance en elle s''estomper jusqu''à disparaître complètement quand elle échoue à devenir mannequin. A 14 ans, Angelina Jolie tombe dans la dépression, elle vit avec tous les excès, elle ne va porter que du noir et décide même de devenir directrice de pompes funèbres. Deux ans plus tard, elle reprend les cours au collège et au théâtre.');
insert into Professionnel values(20000018, 'Ancienne anthropologue, Jane Campion s’est finalement tournée vers le Septième Art. Réalisatrice de talent, elle est mondialement connue grâce au long-métrage La Leçon de Piano. Jane Campion voit le jour le 30 avril 1954 à Wellington en Nouvelle Zélande au sein d’une famille d’artistes. Née d’une mère actrice et d’un père directeur de théâtre, elle se retrouve plongée très jeune dans le monde du spectacle mais choisit pourtant de faire des études d’anthropologie. Diplômée en 1975 de l’Université de Victoria, elle change de voie un an plus tard pour intégrer l’Ecole d’Art de Chelsea avant d’étudier la peinture jusqu’en 1979 au College of the arts de Sidney. En 1980, Jane Campion entre comme étudiante à l’Australian Film Television and Radio School. Avant d’obtenir son diplôme en 1984, elle tourne son premier court-métrage en 1982 : An Exercise in Discipline – Peel qui lui vaut la Palme d’or du court-métrage au Festival de Cannes 1986. En 1988, elle réalise son premier long-métrage baptisé Sweetie qui est présenté à Cannes en sélection officielle. En 1990, elle tourne Un Ange à ma table qui lui permet de remporter le Prix Spécial du Jury à la Mostra de Venise.');
insert into Professionnel values(20000019, 'Sam Taylor-Johnson, née Sam Taylor-Wood est une artiste photographe, vidéaste et réalisatrice américaine. Elle débute dans la photographie dans les années 90, et se fait connaître pour son pastiche de la fameuse photo de Yoko Ono et John Lennon qu’elle réalise avec elle-même et Henry Bond.
Elle passe ensuite à la vidéo et réalise de courts-métrages. Son plus célèbre est Method in Madness en 95, qui résume son travail de la difficulté à communiquer ses émotions. L’artiste ne délaisse pas la photo et organise même un travail nommé Crying Men (2002-04) en noir et blanc où l’on voit des acteurs pleurer.
En 2006, elle est sollicitée pour réaliser un court-métrage qui s’inscrit dans le film collectif Destricted. Elle y réalise Death Valley. C’est donc en toute logique de Sam Taylor-Wood passe à la réalisation de son premier long-métrage, un biopic consacré aux jeunes années de John Lennon, Nowhere boy en 2009. Elle prend ensuite la tête du film 50 nuances de Grey, adaptation du roman à succès.');
insert into Professionnel values(20000020, 'Sophie Danièle Sylvie Maupu, connue sous le nom de Sophie Marceau, est une actrice et réalisatrice française née le 17 novembre 1966 à Paris. Elle est célèbre pour ses rôles dans les films La Boum, Police, L''Etudiante, La fille de D''Artagnan, Braveheart, Le Monde ne suffit pas, Anthony Zimmer, LOL ou encore Un bonheur n''arrive jamais seul.
Aujourd’hui, on ne peut pas parler du cinéma français sans évoquer la splendide Sophie Marceau. Depuis ses débuts remarqués dans La Boum de Claude Pinoteau, où elle incarne la charismatique Vic – César du meilleur espoir féminin en 1983 - Sophie Marceau n’a jamais cessé de tourner avec les réalisateurs français et internationaux. Mariée à 17 ans au réalisateur Andrzej Zulawski, de 26 ans son aîné, elle joue dans plusieurs de ses films, notamment dans L’amour braque en 1985, dans Mes nuits sont plus belles que vos jours (1989), La note bleue (1991) et La fidélité (2000). L’actrice a tourné dans des films très appréciés du public comme L''étudiante (1988) de Claude Pinoteau, La fille de d''Artagnan (1994) de Bertrand Tavernier, qui la révèle femme au fort caractère. Mais encouragée par son mari, elle s''oriente aussi vers un cinéma d''auteur en tournant pour des cinéastes comme Maurice Pialat avec Police (1985) où son partenaire à l’écran, Gérard Depardieu, lui donnait de vraies gifles, sous la volonté du réalisateur.');

insert into Realisateur values(20000006);
insert into Realisateur values(20000011);
insert into Realisateur values(20000012);
insert into Realisateur values(20000013);
insert into Realisateur values(20000014);
insert into Realisateur values(20000015);
insert into Realisateur values(20000016);
insert into Realisateur values(20000017);
insert into Realisateur values(20000018);
insert into Realisateur values(20000019);
insert into Realisateur values(20000020);



--
-- SERIE
--
begin
  insertSerie(
    'Après une apocalypse ayant transformé la quasi-totalité de la population en zombies, un groupe d''hommes et de femmes mené par l''officier Rick Grimes tente de survivre... Ensemble, ils vont devoir tant bien que mal faire face à ce nouveau monde devenu méconnaissable, à travers leur périple dans le Sud profond des États-Unis.',
    'The Walking Dead',
    to_date('01/10/10', 'DD/MM/YY'),
   'Épouvante',
    null,
    null
  );

  insertSerie(
    'Saison 1 de la populaire émission The Walking Dead',
    'The Walking Dead: saison 1',
    to_date('01/09/10', 'DD/MM/YY'),
    'Épouvante',
    1,
    1
  );

  insertSerie(
    'Saison 2 de la populaire émission The Walking Dead',
    'The Walking Dead: saison 2',
    to_date('01/09/11', 'DD/MM/YY'),
    'Épouvante',
    2,
    1
  );

  insertSerie(
    'Saison 3 de la populaire émission The Walking Dead',
    'The Walking Dead: saison 3',
    to_date('01/09/12', 'DD/MM/YY'),
    'Épouvante',
    3,
    1
  );

  insertSerie(
    'Saison 4 de la populaire émission The Walking Dead',
    'The Walking Dead: saison 4',
    to_date('01/09/13', 'DD/MM/YY'),
    'Épouvante',
    4,
    1
  );

  insertSerie(
    'Saison 5 de la populaire émission The Walking Dead',
    'The Walking Dead: saison 5',
    to_date('01/09/14', 'DD/MM/YY'),
    'Épouvante',
    5,
    1
  );

  insertSerie(
    'Il y a très longtemps, à une époque oubliée, une force a détruit l''équilibre des saisons. Dans un pays où l''été peut durer plusieurs années et l''hiver toute une vie, des forces sinistres et surnaturelles se pressent aux portes du Royaume des Sept Couronnes. La confrérie de la Garde de Nuit, protégeant le Royaume de toute créature pouvant provenir d''au-delà du Mur protecteur, n''a plus les ressources nécessaires pour assurer la sécurité de tous. Après un été de dix années, un hiver rigoureux s''abat sur le Royaume avec la promesse d''un avenir des plus sombres. Pendant ce temps, complots et rivalités se jouent sur le continent pour s''emparer du Trône de Fer, le symbole du pouvoir absolu.',
    'Games of Thrones',
    to_date('17/05/11', 'DD/MM/YY'),
    'Fantastique',
    null,
    null
  );

  insertSerie(
    'Saison 1 de la populaire émission Game of Thrones',
    'Game of Thrones: saison 1',
    to_date('17/04/11', 'DD/MM/YY'),
    'Fantastique',
    1,
    7
  );

  insertSerie(
    'Saison 2 de la populaire émission Game of Thrones',
    'Game of Thrones: saison 2',
    to_date('17/04/12', 'DD/MM/YY'),
    'Fantastique',
    2,
    7
  );

  insertSerie(
    'Cela fait des années qu’ils ne se sont pas vus lorsque Martin, un loser qui multiplie les mauvaises fréquentations et accumule les problèmes, débarque chez son frère, Jean, un Frenchy installé à Londres où il mène une vie bien rangée de chef d’entreprise, de mari, de père de famille… et d''amant discret. Martin n’est pas le bienvenu. Jean a tiré un trait sur son passé. Mais le métier de Jean, nettoyeur de scènes de crimes, et le don de Martin d''attirer les embrouilles vont très vite les propulser dans l’univers à la fois sordide et délirant du crime organisé. Et ils vont devoir affronter leurs traumatismes et comprendre que rien ou presque ne pourra véritablement effacer le terrible secret qui remonte à leur enfance, dans leur Vendée natale, au cœur de la ferme familiale.',
    'Spotless',
    to_date('04/10/15', 'DD/MM/YY'),
    'Thriller',
    null,
    null
  );

  insertSerie(
    'Après une apocalypse nucléaire causée par l''Homme lors d''une troisième Guerre Mondiale, les 318 survivants recensés se réfugient dans des stations spatiales et parviennent à y vivre et à se reproduire, atteignant le nombre de 4000. Mais 97 ans plus tard, le vaisseau mère, l''Arche, est en piteux état. Une centaine de jeunes délinquants emprisonnés au fil des années pour des crimes ou des trahisons sont choisis comme cobayes par les autorités pour redescendre sur Terre et tester les chances de survie. Dès leur arrivée, ils découvrent un nouveau monde dangereux mais fascinant...',
    'The 100',
    to_date('02/05/14', 'DD/MM/YY'),
    'Science fiction',
    null,
    null
  );

  insertSerie(
    'Very Bad Trip (The Hangover) est une série de films américains réalisés par Todd Phillips, qui a débutée en 2009 et se termina en 2013.',
    'Very bad trip',
    to_date('24/06/09', 'DD/MM/YY'),
    'Comédie',
    null,
    null
  );
end;
/

--
-- EMISSION
--
insert into Video(description,titre,dateSortie,genre) values('Dans le Kentucky, Rick Grimes, un policier, se réveille à l''hôpital après plusieurs semaines de coma provoqué par une fusillade qui a mal tourné. Il découvre que le monde, ravagé par une épidémie, est envahi par les morts-vivants. Rick ne songe qu''à une chose : retrouver sa femme Lori et son fils Carl. Il se rend chez lui mais constate qu''ils ont disparu, puis rencontre Morgan et son fils Duane, qui se terrent dans leur maison. L''homme lui explique que la seule façon de tuer les zombies est de les atteindre à la tête. Il lui indique aussi qu''il existe un camp de réfugiés aux alentours d''Atlanta...', 'Passé décomposé', to_date('01/10/10', 'DD/MM/YY'), 'Épouvante');
insert into OeuvreCinematographique values(13, 1, 2);
insert into Emission values(13);

insert into Video(description,titre,dateSortie,genre) values('Rick parvient à s''extraire du char et rencontre un groupe de survivants avec le jeune Glenn, Andrea, Morales, T-Dog et Merle Dixon, un homme passablement raciste et énervé. Tous sont réfugiés dans un immeuble et se demandent comment en sortir. Les zombies tentent de prendre d''assaut le bâtiment. Rick est obligé d''attacher Dixon pour le calmer car son attitude envers T-Dog envenime la situation. Le petit groupe pense d''abord à s''échapper par les égouts. Dans le camp de réfugiés à l''extérieur de la ville, Lori et Shane deviennent amants...', 'Tripes', to_date('07/11/10', 'DD/MM/YY'), 'Épouvante');
insert into OeuvreCinematographique values(14, 2, 2);
insert into Emission values(14);

insert into Video(description,titre,dateSortie,genre) values('Rick, Glenn et le petit groupe de survivants parviennent à rejoindre le camp de réfugiés situé dans les montagnes aux alentours d''Atlanta. Rick retrouve sa femme Lori et son fils Carl. Son ancien coéquipier, Shane, qui était devenu l''amant de Lori, est forcément surpris du retour de Rick. Le cas de Merle Dixon fait débat : fallait-il le laisser attaché sur le toit sans défense ? La découverte d''un mort-vivant aux abords du camp et le retour de Daryl Dixon, le frère de Merle, précipitent les choses : Rick décide de retourner à Atlanta pour délivrer Merle et récupérer des armes et des munitions...', 'Les grenouilles', to_date('14/11/10', 'DD/MM/YY'), 'Épouvante');
insert into OeuvreCinematographique values(15, 3, 2);
insert into Emission values(15);

insert into Video(description,titre,dateSortie,genre) values('A Atlanta, Rick, Glenn, T-Dog et Daryl cherchent Merle, qui a réussi à s''enfuir malgré sa main coupée. En voulant récupérer le sac d''armes, ils rencontrent un autre groupe de survivants, qui eux aussi veulent s''emparer des munitions. Le gang capture Glenn et les deux parties vont devoir négocier. Au camp en dehors de la ville, alors qu''Andrea s''est rapprochée de sa soeur Amy, Jim montre des signes d''inquiétude. L''homme ne cesse de creuser des tombes et semble perdre toute notion de la réalité. Les autres habitants du camp décident de l''attacher de manière préventive...', 'Le gang', to_date('21/11/10', 'DD/MM/YY'), 'Épouvante');
insert into OeuvreCinematographique values(16, 4, 2);
insert into Emission values(16);

insert into Video(description,titre,dateSortie,genre) values('Après l''attaque du campement, tous les survivants sont résignés et abattus. Andrea pleure sa soeur Amy, Shane reproche à Rick d''être parti à Atlanta et d''avoir laissé le camp sans renfort, mais c''est surtout l''état de santé de Jim qui inquiète. Il a été mordu par un mort-vivant et sa santé se dégrade. Rick cherche du soutien chez Lori et propose au groupe de quitter les montagnes pour essayer de trouver le centre de soins et de prévention des maladies infectieuses. Il pense que l''endroit est encore protégé par l''armée. Tous prennent la route alors que Jim est de plus en plus fiévreux...', 'Wildfire', to_date('28/11/10', 'DD/MM/YY'), 'Épouvante');
insert into OeuvreCinematographique values(17, 5, 2);
insert into Emission values(17);

insert into Video(description,titre,dateSortie,genre) values('Rick et les survivants pénètrent dans le centre de soins et de recherche sur les maladies infectieuses. Là, le docteur Edwin Jenner les accueille. Il est le seul scientifique présent et vit seul depuis plusieurs mois. Après avoir profité d''un repos auquel ils n''avaient plus goûté depuis longtemps, Rick, Shane et le groupe se posent beaucoup de questions sur ce qui s''est passé dans le centre. Le docteur Jenner leur explique l''état le plus avancé de la recherche sur ce qui transforme les morts en zombies. Mais la situation n''est pas aussi idéale qu''il n''y paraît...', 'Sujet-test 19', to_date('05/12/10', 'DD/MM/YY'), 'Épouvante');
insert into OeuvreCinematographique values(18, 6, 2);
insert into Emission values(18);

insert into Video(description,titre,dateSortie,genre) values('Les survivants se retrouvent bloqués sur une route envahie par des carcasses de voitures. Ils décident d''en profiter pour siphonner les réservoirs. C''est alors qu''ils sont surpris par un groupe de zombies. Dale tente de superviser les opérations du haut du camion, tandis que Sophia, imprudente, est poursuivie par un groupe de zombies tenaces. Rick parvient à tuer les créatures qui menaçaient Sophia mais la jeune fille disparaît. Rick et les autres se lancent à sa poursuite...', 'Ce qui nous attend', to_date('16/10/11', 'DD/MM/YY'), 'Épouvante');
insert into OeuvreCinematographique values(19, 1, 3);
insert into Emission values(19);

insert into Video(description,titre,dateSortie,genre) values('A Port-Réal, Tyrion Lannister connaît bien les codes de la Cour royale et use de toute son intelligence pour étendre son influence. Modéré et stratège, il veut limiter les accès de cruauté du roi Joffrey, parfois imprévisible. De son côté, Catelyn Stark s''emploie à négocier une paix entre Stannis et Renly Baratheon, indispensable dans le conflit qui oppose les Stark aux Lannister. Toujours sur la route avec ses quelques fidèles, Daenerys Targaryen arrive à la grande cité de Qarth et espère y trouver refuge...', 'La Cité de Qarth', to_date('22/04/12', 'DD/MM/YY'), 'Fantastique');
insert into OeuvreCinematographique values(20, 4, 3);
insert into Emission values(20);


--
-- FILM
--
insert into Video(description,titre,dateSortie,genre) values('Au réveil d''un enterrement de vie de garçon bien arrosé, les trois amis du fiancé se rendent compte qu''il a disparu 40 heures avant la cérémonie de mariage. Ils vont alors devoir faire fi de leur gueule de bois et rassembler leurs bribes de souvenirs pour comprendre ce qui s''est passé.', 'Very bad trip 1', to_date('24/06/09', 'DD/MM/YY'), 'Comédie');
insert into OeuvreCinematographique values(21, 1, 12);
insert into Film values(21);

insert into Video(description,titre,dateSortie,genre) values('Phil, Stu, Alan et Doug s’offrent un voyage exotique en Thaïlande, à l’occasion du mariage de Stu. Après l’inoubliable soirée d’enterrement de sa vie de garçon à Las Vegas, Stu ne veut rien laisser au hasard et opte pour un brunch léger, sans risque, avant la cérémonie. Mais les choses ne se passent pas toujours comme prévu. Ce qui s''est passé à Las Vegas est imaginable à Las Vegas, mais ce qui se passe à Bangkok dépasse l’imagination...', 'Very bad trip 2', to_date('25/05/11', 'DD/MM/YY'), 'Comédie');
insert into OeuvreCinematographique values(22, 2, 12);
insert into Film values(22);

insert into Video(description,titre,dateSortie,genre) values('Deux ans ont passé. Phil (Bradley Cooper), Stu (Ed Helms) et Doug (Justin Bartha) mènent des existences tranquilles et heureuses. Ils ont fait disparaître leurs tatouages et se sont rachetés une conduite. Aux dernières nouvelles, Leslie Chow (Ken Jeong), qui attirait les catastrophes, a échoué dans une prison en Thaïlande : depuis qu''il n''est plus dans le secteur, nos trois lascars ont - presque - oublié leurs folles virées nocturnes à travers les quartiers sordides de Las Vegas, à moitié shootés, et le jour où ils se sont fait kidnapper, tirer dessus et prendre en chasse par une bande de dangereux dealers à Bangkok... Le seul de la Meute à ne pas avoir trouvé son équilibre est Alan (Zach Galifianakis). Se cherchant toujours, la brebis galeuse du groupe a arrêté les médocs et donné libre cours à ses impulsions, ce qui, dans son cas, revient à ne reculer devant rien et à ne se fixer aucune limite... Jusqu''à ce qu''il traverse une crise douloureuse et qu''il se mette en quête du soutien dont il a besoin. Et qui mieux que ses trois meilleurs copains pourraient l''aider à s''engager dans la bonne voie ? Cette fois, il n''y a pas de mariage, ni de fête d''enterrement de vie de garçon. Qu''est-ce-qui pourrait donc bien dégénérer ? Mais quand la Meute s''en mêle, il faut être prêt à tout ! Et pour boucler la boucle, la petite bande doit retourner là où tout a commencé : à Las Vegas...', 'Very bad trip 3', to_date('29/05/13', 'DD/MM/YY'), 'Comédie');
insert into OeuvreCinematographique values(23, 3, 12);
insert into Film values(23);

insert into Video(description,titre,dateSortie,genre) values('Dans le sud des États-Unis, deux ans avant la guerre de Sécession, le Dr King Schultz, un chasseur de primes allemand, fait l’acquisition de Django, un esclave qui peut l’aider à traquer les frères Brittle, les meurtriers qu’il recherche. Schultz promet à Django de lui rendre sa liberté lorsqu’il aura capturé les Brittle – morts ou vifs. Alors que les deux hommes pistent les dangereux criminels, Django n’oublie pas que son seul but est de retrouver Broomhilda, sa femme, dont il fut séparé à cause du commerce des esclaves…
Lorsque Django et Schultz arrivent dans l’immense plantation du puissant Calvin Candie, ils éveillent les soupçons de Stephen, un esclave qui sert Candie et a toute sa confiance. Le moindre de leurs mouvements est désormais épié par une dangereuse organisation de plus en plus proche… Si Django et Schultz veulent espérer s’enfuir avec Broomhilda, ils vont devoir choisir entre l’indépendance et la solidarité, entre le sacrifice et la survie…', 'Django Unchained', to_date('16/01/13', 'DD/MM/YY'), 'Western');
insert into OeuvreCinematographique values(24, null, null);
insert into Film values(24);

insert into Video(description,titre,dateSortie,genre) values('Quelques décennies d''histoire américaine, des années 1940 à la fin du XXème siècle, à travers le regard et l''étrange odyssée d''un homme simple et pur, Forrest Gump.', 'Forrest Gump', to_date('05/10/94', 'DD/MM/YY'), 'Comédie');
insert into OeuvreCinematographique values(25, null, null);
insert into Film values(25);

insert into Video(description,titre,dateSortie,genre) values('Paul Edgecomb, pensionnaire centenaire d''une maison de retraite, est hanté par ses souvenirs. Gardien-chef du pénitencier de Cold Mountain en 1935, il était chargé de veiller au bon déroulement des exécutions capitales en s’efforçant d''adoucir les derniers moments des condamnés. Parmi eux se trouvait un colosse du nom de John Coffey, accusé du viol et du meurtre de deux fillettes. Intrigué par cet homme candide et timide aux dons magiques, Edgecomb va tisser avec lui des liens très forts.', 'La ligne verte', to_date('01/03/00', 'DD/MM/YY'), 'Policier');
insert into OeuvreCinematographique values(26, null, null);
insert into Film values(26);

insert into Video(description,titre,dateSortie,genre) values('Walt Kowalski est un ancien de la guerre de Corée, un homme inflexible, amer et pétri de préjugés surannés. Après des années de travail à la chaîne, il vit replié sur lui-même, occupant ses journées à bricoler, traînasser et siroter des bières. Avant de mourir, sa femme exprima le voeu qu''il aille à confesse, mais Walt n''a rien à avouer, ni personne à qui parler. Hormis sa chienne Daisy, il ne fait confiance qu''à son M-1, toujours propre, toujours prêt à l''usage... Ses anciens voisins ont déménagé ou sont morts depuis longtemps. Son quartier est aujourd''hui peuplé d''immigrants asiatiques qu''il méprise, et Walt ressasse ses haines, innombrables - à l''encontre de ses voisins, des ados Hmong, latinos et afro-américains "qui croient faire la loi", de ses propres enfants, devenus pour lui des étrangers. Walt tue le temps comme il peut, en attendant le grand départ, jusqu''au jour où un ado Hmong du quartier tente de lui voler sa précieuse Ford Gran Torino... Walt tient comme à la prunelle de ses yeux à cette voiture fétiche, aussi belle que le jour où il la vit sortir de la chaîne. Lorsque le jeune et timide Thao tente de la lui voler sous la pression d''un gang, Walt fait face à la bande, et devient malgré lui le héros du quartier. Sue, la soeur aînée de Thao, insiste pour que ce dernier se rachète en travaillant pour Walt. Surmontant ses réticences, ce dernier confie au garçon des "travaux d''intérêt général" au profit du voisinage. C''est le début d''une amitié inattendue, qui changera le cours de leur vie. Grâce à Thao et sa gentille famille, Walt va découvrir le vrai visage de ses voisins et comprendre ce qui le lie à ces exilés, contraints de fuir la violence... comme lui, qui croyait fermer la porte sur ses souvenirs aussi aisément qu''il enfermait au garage sa précieuse Gran Torino...', 'Gran Torino', to_date('25/02/09', 'DD/MM/YY'), 'Thriller');
insert into OeuvreCinematographique values(27, null, null);
insert into Film values(27);

insert into Video(description,titre,dateSortie,genre) values('Dans ce nouveau volet, Batman augmente les mises dans sa guerre contre le crime. Avec l''appui du lieutenant de police Jim Gordon et du procureur de Gotham, Harvey Dent, Batman vise à éradiquer le crime organisé qui pullule dans la ville. Leur association est très efficace mais elle sera bientôt bouleversée par le chaos déclenché par un criminel extraordinaire que les citoyens de Gotham connaissent sous le nom de Joker.', 'Le Chevalier Noir', to_date('13/08/08', 'DD/MM/YY'), 'Thriller');
insert into OeuvreCinematographique values(28, null, null);
insert into Film values(28);

insert into Video(description,titre,dateSortie,genre) values('Evocation des années de guerre d''Oskar Schindler, fils d''industriel d''origine autrichienne rentré à Cracovie en 1939 avec les troupes allemandes. Il va, tout au long de la guerre, protéger des juifs en les faisant travailler dans sa fabrique et en 1944 sauver huit cents hommes et trois cents femmes du camp d''extermination de Auschwitz-Birkenau.', 'La Liste de Schindler', to_date('02/03/94', 'DD/MM/YY'), 'Historique');
insert into OeuvreCinematographique values(29, null, null);
insert into Film values(29);

insert into Video(description,titre,dateSortie,genre) values('Une veuve mono-parentale hérite de la garde de son fils, un adolescent TDAH impulsif et violent. Au coeur de leurs emportements et difficultés, ils tentent de joindre les deux bouts, notamment grâce à l’aide inattendue de l’énigmatique voisine d’en face, Kyla. Tous les trois, ils retrouvent une forme d’équilibre et, bientôt, d’espoir.', 'Mommy', to_date('08/10/14', 'DD/MM/YY'), 'Drame');
insert into OeuvreCinematographique values(30, null, null);
insert into Film values(30);

insert into Video(description,titre,dateSortie,genre) values('A la suite d’un accident de parapente, Philippe, riche aristocrate, engage comme aide à domicile Driss, un jeune de banlieue tout juste sorti de prison. Bref la personne la moins adaptée pour le job. Ensemble ils vont faire cohabiter Vivaldi et Earth Wind and Fire, le verbe et la vanne, les costumes et les bas de survêtement... Deux univers vont se télescoper, s’apprivoiser, pour donner naissance à une amitié aussi dingue, drôle et forte qu’inattendue, une relation unique qui fera des étincelles et qui les rendra... Intouchables.', 'Intouchables', to_date('02/11/11', 'DD/MM/YY'), 'Comédie');
insert into OeuvreCinematographique values(31, null, null);
insert into Film values(31);



---insert into Emission values(300012, 'description', 'titre', todate Sortie, 'genre', 12 numero dans la serie, 123456 num de la serie);

---insert into Film values(123456, 'description', 'titre', todate Sortie, 'genre', 12 numero dans la serie, 123456 num de la serie);

---insert into BandeAnnonce values(123456, 'description', 'titre', dateSortie, 'genre', 123456 videorefere);
insert into Video(description,titre,dateSortie,genre) values('Ceci est la bande-annonce officielle de la 1re saison de The Walking Dead', 'Bande-Annonce Intégrale - Walking Dead saison 1', to_date('01/09/10', 'DD/MM/YY'), 'Épouvante');
insert into BandeAnnonce values(32, 2);

insert into Video(description,titre,dateSortie,genre) values('Ceci est la bande-annonce officielle de la 3e saison de The Walking Dead', 'Bande-Annonce Intégrale - Walking Dead saison 3', to_date('01/09/12', 'DD/MM/YY'), 'Épouvante');
insert into BandeAnnonce values(33, 4);

insert into Video(description,titre,dateSortie,genre) values('Ceci est la bande-annonce officielle de la 4e saison de The Walking Dead', 'Bande-Annonce Intégrale - Walking Dead saison 4', to_date('01/09/13', 'DD/MM/YY'), 'Épouvante');
insert into BandeAnnonce values(34, 5);

insert into Video(description,titre,dateSortie,genre) values('Ceci est la bande-annonce officielle de la 5e saison de The Walking Dead', 'Bande-Annonce Intégrale - Walking Dead saison 5', to_date('01/09/14', 'DD/MM/YY'), 'Épouvante');
insert into BandeAnnonce values(35, 6);

insert into Video(description,titre,dateSortie,genre) values('Ceci est la 2e bande-annonce de la 1re saison de The Walking Dead', 'Bande-Annonce #2 - The Walking Dead saison 1', to_date('20/02/14', 'DD/MM/YY'), 'Épouvante');
insert into BandeAnnonce values(36, 2);

insert into Video(description,titre,dateSortie,genre) values('Ceci est la bande-annonce officielle du film Intouchables', 'Bande-Annonce Intégrale - Intouchables', to_date('02/01/11', 'DD/MM/YY'), 'Comédie');
insert into BandeAnnonce values(37, 31);

insert into Video(description,titre,dateSortie,genre) values('Ceci est la bande-annonce officielle du film Le chevalier noir', 'Bande-Annonce Intégrale - Le chevalier noir', to_date('13/03/08', 'DD/MM/YY'), 'Épouvante');
insert into BandeAnnonce values(38, 7);

insert into Video(description,titre,dateSortie,genre) values('Ceci est la bande-annonce officielle du film Mommy', 'Bande-Annonce - Mommy de Xavier Dolan', to_date('08/01/14', 'DD/MM/YY'), 'Épouvante');
insert into BandeAnnonce values(39, 10);

insert into Video(description,titre,dateSortie,genre) values('Ceci est la bande-annonce officielle du 1er épisode ("Passé Décomposé") de la 1re saison de The Walking Dead', 'Bande-Annonce - Walking Dead saison 1 épisode 1', to_date('01/01/10', 'DD/MM/YY'), 'Épouvante');
insert into BandeAnnonce values(40, 13);

insert into Video(description,titre,dateSortie,genre) values('Ceci est la bande-annonce officielle de la 2e saison de The Walking Dead', 'Bande-Annonce Intégrale - Walking Dead saison 2', to_date('01/09/11', 'DD/MM/YY'), 'Épouvante');
insert into BandeAnnonce values(41, 3);




---insert into Projette values(12345 idCinema, 123456 idVideo, todate projection, 'xx:xx' heure);
insert into Projette values(00001, 21, to_date('19/04/15', 'DD/MM/YY'), '12:00');
insert into Projette values(00001, 22, to_date('19/04/15', 'DD/MM/YY'), '15:00');
insert into Projette values(00001, 23, to_date('19/03/15', 'DD/MM/YY'), '17:00');
insert into Projette values(00002, 21, to_date('19/03/15', 'DD/MM/YY'), '19:00');
insert into Projette values(00005, 26, to_date('19/05/15', 'DD/MM/YY'), '15:35');
insert into Projette values(00006, 28, to_date('19/04/15', 'DD/MM/YY'), '21:55');
insert into Projette values(00007, 29, to_date('19/04/15', 'DD/MM/YY'), '20:15');
insert into Projette values(00009, 29, to_date('19/04/15', 'DD/MM/YY'), '16:00');
insert into Projette values(00009, 29, to_date('19/04/15', 'DD/MM/YY'), '16:20');



insert into Article values(0000001, to_date('19/02/14', 'DD/MM/YY'), 'Le Chevalier Noir est un bon film, tout comme Forrest Gump', 10000016);
insert into Article values(0000002, to_date('11/12/09', 'DD/MM/YY'), 'J''ai adoré la série The Walking Dead au complet', 10000016);
insert into Article values(0000003, to_date('02/10/09', 'DD/MM/YY'), 'Game of Thrones: Quelle mauvaise série!', 10000017);
insert into Article values(0000004, to_date('15/06/10', 'DD/MM/YY'), 'Très ému par le film Intouchables', 10000018);
insert into Article values(0000005, to_date('27/06/14', 'DD/MM/YY'), 'Mommy: quel beau film', 10000019);
insert into Article values(0000006, to_date('24/03/13', 'DD/MM/YY'), 'Du grand Tarantino!', 10000020);
insert into Article values(0000007, to_date('21/09/14', 'DD/MM/YY'), 'L''histoire de la Deuxième Guerre mondiale est un thème abusé au grand écran, mais ce film est un des rares a capté et a canalisé toutes les émotions pour les transmettre au téléspectateur.', 10000016);
insert into Article values(0000008, to_date('19/01/15', 'DD/MM/YY'), 'Superbe serie, un classique instantane!', 10000016);
insert into Article values(0000009, to_date('01/11/12', 'DD/MM/YY'), 'J''ai perdu 1h45 de ma vie', 10000025);
insert into Article values(0000010, to_date('07/11/12', 'DD/MM/YY'), 'Honnête performance de l''acteur principal. À considérer dans la course aux Oscars', 10000026);


---insert into AProposDe values(noArticle,noVideo,note);
insert into AProposDe values(0000001, 28, 90);
insert into AProposDe values(0000001, 24, 80);
insert into AProposDe values(0000002, 1, 40);
insert into AProposDe values(0000003, 7, 20);
insert into AProposDe values(0000004, 31, 98);
insert into AProposDe values(0000005, 30, 85);
insert into AProposDe values(0000006, 24, 87);
insert into AProposDe values(0000006, 27, 73);
insert into AProposDe values(0000007, 29, 56);
insert into AProposDe values(0000008, 10, 80);


insert into MotCle values('intouchables', 31, 100);
insert into MotCle values('handicapé', 31, 75);
insert into MotCle values('batman', 28, 100);
insert into MotCle values('joker', 28, 98);
insert into MotCle values('Gotham', 28, 100);
insert into MotCle values('super-héros', 28, 90);
insert into MotCle values('police', 28, 35);
insert into MotCle values('zombies', 1, 100);
insert into MotCle values('zombies', 2, 100);
insert into MotCle values('zombies', 3, 100);
insert into MotCle values('zombies', 4, 100);
insert into MotCle values('zombies', 5, 100);
insert into MotCle values('zombies', 6, 100);
insert into MotCle values('juif', 29, 95);
insert into MotCle values('guerre', 29, 90);
insert into MotCle values('Auschwitz', 29, 94);
insert into MotCle values('extermination', 29, 91);
insert into MotCle values('Hitler', 29, 95);
insert into MotCle values('hangover', 21, 100);
insert into MotCle values('hangover', 22, 100);
insert into MotCle values('hangover', 23, 100);
insert into MotCle values('suite', 22, 80);
insert into MotCle values('party', 21, 81);
insert into MotCle values('esclavage', 24, 89);


---insert into Fichier values('chemin', xxx.xx prix, 1234567890 nbTéléchar, 12..90nbVisionnement, dateAcquisition, 0 ou 1 estArchive, 123456 noVideo);
insert into Fichier values('\\server0x5f9\main\save\very_bad_trip1', 1.99, 0001000378, 0001478694, to_date('24/10/09', 'DD/MM/YY'), 1, 21);
insert into Fichier values('\\server0x5f9\main\save\very_bad_trip2', 2.49, 0000308600, 0003184578, to_date('25/10/11', 'DD/MM/YY'), 1, 22);
insert into Fichier values('\\server0x5f9\main\save\very_bad_trip3', 3.99, 0001470008, 0005689504, to_date('29/10/13', 'DD/MM/YY'), 1, 23);
insert into Fichier values('\\server0x5f9\main\save\django_unchained', 4.09, 0000237853, 0006492089, to_date('16/06/13', 'DD/MM/YY'), 1, 24);
insert into Fichier values('\\server0x5f9\main\save\forrest_gump', 3.99, 0000570000, 000349000, to_date('05/12/94', 'DD/MM/YY'), 1, 25);
insert into Fichier values('\\server0x5f9\main\save\la_ligne_verte', 2.49, 0004906589, 000599361, to_date('01/08/08', 'DD/MM/YY'), 1, 26);
insert into Fichier values('\\server0x5f9\main\save\gran_torino', 3.49, 0008890000, 000553000, to_date('25/07/11', 'DD/MM/YY'), 1, 27);
insert into Fichier values('\\server0x5f9\main\save\chevalier_noir', 2.99, 0000789531, 000045621, to_date('13/12/13', 'DD/MM/YY'), 1, 28);
insert into Fichier values('\\server0x5f9\main\save\la_liste_de_schindler', 1.99, 0000169752, 000690075, to_date('02/09/10', 'DD/MM/YY'), 1, 29);
insert into Fichier values('\\server0x5f9\main\save\walking_dead/sa1/ep1', 0.99, 0000034967, 000024561, to_date('01/03/14', 'DD/MM/YY'), 1, 13);


---insert into Compte values('nomUti', 'password', 'adresse', 5141234567, dateInscription, 10000001);
insert into Compte values('e.trottier', 'abc1234', '47 de la Brunante', '514-123-4567', to_date('06/03/10', 'DD/MM/YY'), 10000001);
insert into Compte values('TheBest13', 'TheBestPassword', '50 rue du Meilleur', '514-930-5678', to_date('10/09/11', 'DD/MM/YY'), 10000002);
insert into Compte values('aerodynamic22', 'daftPunk', '1336 Sherbrooke Est', '514-839-4068', to_date('05/02/07', 'DD/MM/YY'), 10000003);
insert into Compte values('account1543', 'pasword1234', '4567 boulevard René-Lévesque', '438-440-9601', to_date('25/08/00', 'DD/MM/YY'), 10000004);
insert into Compte values('private1', 'sup!yo', '732 Ste-Catherine Ouest', '514-245-1970', to_date('21/11/07', 'DD/MM/YY'), 10000005);
insert into Compte values('emile222', 'tyran0s0re', '43 avenue McNider', '514-095-4031', to_date('16/03/98', 'DD/MM/YY'), 10000006);
insert into Compte values('djbebe', '12s3df4', '37 rue Nelson', '514-849-9506', to_date('27/04/03', 'DD/MM/YY'), 10000007);
insert into Compte values('arnaudtse', 'thisismypassword', '97 rue Hutchison', '514-908-5482', to_date('12/05/95', 'DD/MM/YY'), 10000008);
insert into Compte values('internaute101', 'fckpasswords', '237 avenue Mont-Royal Est', '514-223-8955', to_date('14/05/98', 'DD/MM/YY'), 10000009);
insert into Compte values('argamedon_jellybean', 'i6g8f5bb3', '239 avenue Mont-Royal Est', '514-658-2009', to_date('12/09/01', 'DD/MM/YY'), 10000010);


---insert into Loue values('nomUtili', 'chemin', dateLocation, heureLocation 'xx:xx', xxx.xx prix);
insert into Loue values('e.trottier', '\\server0x5f9\main\save\very_bad_trip1', to_date('06/03/14', 'DD/MM/YY'), '10:06', 1.99);
insert into Loue values('TheBest13', '\\server0x5f9\main\save\walking_dead/sa1/ep1', to_date('02/03/14', 'DD/MM/YY'), '22:29', 0.99);
insert into Loue values('aerodynamic22', '\\server0x5f9\main\save\la_liste_de_schindler', to_date('03/09/10', 'DD/MM/YY'), '17:44', 1.99);
insert into Loue values('aerodynamic22', '\\server0x5f9\main\save\chevalier_noir', to_date('14/12/13', 'DD/MM/YY'), '10:12', 2.99);
insert into Loue values('aerodynamic22', '\\server0x5f9\main\save\la_ligne_verte', to_date('14/12/13', 'DD/MM/YY'), '12:48', 1.99);
insert into Loue values('account1543', '\\server0x5f9\main\save\very_bad_trip1', to_date('01/11/13', 'DD/MM/YY'), '10:00', 1.99);
insert into Loue values('account1543', '\\server0x5f9\main\save\very_bad_trip1', to_date('01/11/13', 'DD/MM/YY'), '13:05', 2.49);
insert into Loue values('account1543', '\\server0x5f9\main\save\very_bad_trip1', to_date('01/11/13', 'DD/MM/YY'), '17:12', 2.99);
insert into Loue values('emile222', '\\server0x5f9\main\save\forrest_gump', to_date('02/12/99', 'DD/MM/YY'), '23:58', 4.99);
insert into Loue values('arnaudtse', '\\server0x5f9\main\save\forrest_gump', to_date('01/11/14', 'DD/MM/YY'), '12:52', 3.99);
insert into Loue values('internaute101', '\\server0x5f9\main\save\forrest_gump', to_date('14/04/14', 'DD/MM/YY'), '15:34', 2.99);
insert into Loue values('internaute101', '\\server0x5f9\main\save\django_unchained', to_date('12/02/14', 'DD/MM/YY'), '21:34', 4.09);


---insert into APourRole(12345678 idActeur, 123456 noVideo, 'nomPersonnage');
insert into APourRole values(20000001, 21, 'Stu');
insert into APourRole values(20000001, 22, 'Stu');
insert into APourRole values(20000001, 23, 'Stu');
insert into APourRole values(20000003, 24, 'Dr King Schultz');
insert into APourRole values(20000003, 25, 'Christopher');
insert into APourRole values(20000003, 28, 'Maximo');
insert into APourRole values(20000003, 31, 'Ritu');
insert into APourRole values(20000005, 1, 'Albert');
insert into APourRole values(20000006, 1, 'G. le tueur');
insert into APourRole values(20000007, 8, 'Alice');
insert into APourRole values(20000008, 9, 'Simpaticia');

---insert into Realise(12345678 idRealisateur, 123456 noVideo);
insert into Realise values(20000006, 2);
insert into Realise values(20000012, 3);
insert into Realise values(20000012, 4);
insert into Realise values(20000012, 21);
insert into Realise values(20000014, 22);
insert into Realise values(20000015, 23);
insert into Realise values(20000016, 24);
insert into Realise values(20000017, 25);
insert into Realise values(20000017, 26);
insert into Realise values(20000017, 27);
